 { 
    "user_address" : "0x09dc02dfb7de2b150fe9a2d2ab92cf5767d423f9", 
    "base_cumulative_return" : -0.952871878, 
    "portfolio_return" : 19.799527694, 
    "daily_sharpe_ratio" : 1.300632733, 
    "number_of_trades" : 36.0, 
    "unique_tokens_traded" : 6.0, 
    "trader_class_numeric" : 1
    }